{
	"type" : "Polynomial",
	"X" : [
	0,
	0.0102,
	0.0208,
	0.0318,
	0.0432,
	0.055,
	0.0672,
	0.0798,
	0.0928,
	0.1062,
	0.12,
	0.1342,
	0.1488,
	0.1638,
	0.1792,
	0.195,
	0.2112,
	0.2278,
	0.2448,
	0.2622,
	0.28,
	0.2982,
	0.3168,
	0.3358,
	0.3552,
	0.375,
	0.3952,
	0.4158,
	0.4368,
	0.4582,
	0.48,
	0.5022,
	0.5248,
	0.5478,
	0.5712,
	0.595,
	0.6192,
	0.6438,
	0.6688,
	0.6942,
	0.72,
	0.7462,
	0.7728,
	0.7998,
	0.8272,
	0.855,
	0.8832,
	0.9118,
	0.9408,
	0.9702,
	1
	],
	"Y" : [
	0.002418149,
	0.095170462,
	0.124536405,
	0.184016162,
	0.184814705,
	0.218367225,
	0.257313101,
	0.284577001,
	0.312213024,
	0.326266655,
	0.329587039,
	0.362303616,
	0.375711104,
	0.389461029,
	0.426972216,
	0.428045373,
	0.461688116,
	0.496308335,
	0.491207145,
	0.515477259,
	0.536479536,
	0.549955548,
	0.550484189,
	0.58678653,
	0.593690234,
	0.616638475,
	0.633321627,
	0.651571412,
	0.650259681,
	0.696606467,
	0.697161359,
	0.699577022,
	0.718918645,
	0.744962489,
	0.748034392,
	0.773133707,
	0.792163096,
	0.797587455,
	0.798650611,
	0.821520314,
	0.851450067,
	0.852426002,
	0.874532415,
	0.901634657,
	0.913047322,
	0.934441179,
	0.935538496,
	0.964477713,
	0.98721023,
	0.981826563,
	0.990963986
	],
	"initialParameters" : [1, 1],
	"numeratorDegree" : -1,
	"solver" : "HJ"
}