{
	"type" : "Rational",
	"X" : [
	0,
	0.008,
	0.032,
	0.072,
	0.128,
	0.2,
	0.288,
	0.392,
	0.512,
	0.648,
	0.8,
	0.968,
	1.152,
	1.352,
	1.568,
	1.8,
	2.048,
	2.312,
	2.592,
	2.888,
	3.2,
	3.528,
	3.872,
	4.232,
	4.608,
	5,
	5.408,
	5.832,
	6.272,
	6.728,
	7.2,
	7.688,
	8.192,
	8.712,
	9.248,
	9.8,
	10.368,
	10.952,
	11.552,
	12.168,
	12.8,
	13.448,
	14.112,
	14.792,
	15.488,
	16.2,
	16.928,
	17.672,
	18.432,
	19.208,
	20
	],
	"Y" : [
	0.010869079,
	-0.023637255,
	-0.007146716,
	-0.024311201,
	-0.038671054,
	-0.048055618,
	-0.052314786,
	-0.115730088,
	-0.111773847,
	-0.089287081,
	-0.091782556,
	-0.036539915,
	0.088698604,
	0.269640256,
	0.498823622,
	0.783768381,
	1.050886996,
	1.261660871,
	1.403797016,
	1.471563593,
	1.524509463,
	1.527992042,
	1.527713112,
	1.525793137,
	1.48073229,
	1.435231189,
	1.39010007,
	1.320416564,
	1.350618591,
	1.30479269,
	1.361871813,
	1.290643084,
	1.229221522,
	1.213547909,
	1.210335246,
	1.260180769,
	1.169994115,
	1.154604779,
	1.160173408,
	1.279885231,
	1.167797375,
	1.129811104,
	1.148242924,
	1.042328981,
	1.12474885,
	1.116508965,
	1.211799331,
	1.067292115,
	1.067061683,
	1.070449878,
	1.114556184
	],
	"initialParameters" : [0, -1, -2, 2, 1, 3, 6, 3, -3.5, 2],
	"numeratorDegree" : 4,
	"solver" : "HJ"
}